{
  "norm_stats": {
    "state": {
      "mean": [
        -0.046521205455064774,
        0.03440408408641815,
        0.7645475268363953,
        2.972208023071289,
        -0.22044694423675537,
        -0.12559407949447632,
        0.026914218440651894,
        -0.02719077281653881
      ],
      "std": [
        0.1049446389079094,
        0.1517666131258011,
        0.37852001190185547,
        0.34424901008605957,
        0.906951904296875,
        0.32538750767707825,
        0.014176026917994022,
        0.014058935455977917
      ],
      "q01": [
        -0.3992278680294752,
        -0.2688781352341175,
        0.0380015922319144,
        1.5083277968406676,
        -2.721004430627823,
        -1.0813218128442763,
        0.00173520012809895,
        -0.04004424215038307
      ],
      "q99": [
        0.13532010269463068,
        0.33566314613819126,
        1.2696008986616505,
        3.2758421875,
        2.405436800289154,
        0.5971528978824616,
        0.04030334069116507,
        -0.0017878379381960213
      ]
    },
    "actions": {
      "mean": [
        0.06672307848930359,
        0.06402166932821274,
        -0.8049666881561279,
        -2.9715638160705566,
        0.22733008861541748,
        0.1192595511674881,
        -0.03488823398947716
      ],
      "std": [
        0.3285315930843353,
        0.41963979601860046,
        0.6165211796760559,
        0.3509964644908905,
        0.9101275205612183,
        0.3436553478240967,
        0.9993911981582642
      ],
      "q01": [
        -0.7098472795963288,
        -0.8827153866052628,
        -2.0965473352432253,
        -3.302723776584864,
        -2.407222908401489,
        -0.6131977235794067,
        -1.0
      ],
      "q99": [
        1.0226188616752623,
        1.0536570170879362,
        0.7267490250587461,
        -1.481289634424448,
        2.7261291843414304,
        1.1217308605432508,
        0.9996
      ]
    }
  }
}